CREATE TABLE t1 (f1 INTEGER PRIMARY KEY) ENGINE=InnoDB;
INSERT INTO t1 VALUES (1);
SELECT argument FROM mysql.general_log ORDER BY event_time DESC LIMIT 3;
argument
SELECT argument FROM mysql.general_log ORDER BY event_time DESC LIMIT 3
INSERT INTO t1 VALUES (1)
CREATE TABLE t1 (f1 INTEGER PRIMARY KEY) ENGINE=InnoDB
SELECT COUNT(*) > 0 FROM mysql.general_log WHERE argument = 'CREATE TABLE t1 (f1 INTEGER PRIMARY KEY) ENGINE=InnoDB';
COUNT(*) > 0
1
DROP TABLE t1;
