CREATE TABLE t1 (f1 INTEGER PRIMARY KEY) ENGINE=InnoDB;
INSERT INTO t1 VALUES (1);
SELECT COUNT(*) = 1 FROM t1;
COUNT(*) = 1
1
SET GLOBAL wsrep_desync = TRUE;
INSERT INTO t1 VALUES (2);
SELECT * FROM t1;
f1
1
2
SELECT COUNT(*) = 1 FROM t1;
COUNT(*) = 1
0
SET GLOBAL wsrep_desync = FALSE;
SELECT COUNT(*) = 2 FROM t1;
COUNT(*) = 2
1
DROP TABLE t1;
