#node-1
use test;
create tablespace ts1 add datafile 'ts1.ibd' engine=innodb;
create table t1 (i int) TABLESPACE ts1 engine=innodb;
create table t2 (i int) engine=innodb;
insert into t1 values (1), (2), (3);
insert into t2 values (3), (4), (5);
select name from information_schema.innodb_sys_tablespaces where name='ts1';
name
ts1
select name from information_schema.innodb_sys_tablespaces where name='ts2';
name
show create table t1;
Table	Create Table
t1	CREATE TABLE `t1` (
  `i` int(11) DEFAULT NULL
) /*!50100 TABLESPACE `ts1` */ ENGINE=InnoDB DEFAULT CHARSET=latin1
show create table t2;
Table	Create Table
t2	CREATE TABLE `t2` (
  `i` int(11) DEFAULT NULL
) ENGINE=InnoDB DEFAULT CHARSET=latin1
alter table t2 tablespace ts1;
show create table t1;
Table	Create Table
t1	CREATE TABLE `t1` (
  `i` int(11) DEFAULT NULL
) /*!50100 TABLESPACE `ts1` */ ENGINE=InnoDB DEFAULT CHARSET=latin1
show create table t2;
Table	Create Table
t2	CREATE TABLE `t2` (
  `i` int(11) DEFAULT NULL
) /*!50100 TABLESPACE `ts1` */ ENGINE=InnoDB DEFAULT CHARSET=latin1
#node-2
use test;
select name from information_schema.innodb_sys_tablespaces where name='ts1';
name
ts1
show create table t1;
Table	Create Table
t1	CREATE TABLE `t1` (
  `i` int(11) DEFAULT NULL
) /*!50100 TABLESPACE `ts1` */ ENGINE=InnoDB DEFAULT CHARSET=latin1
show create table t2;
Table	Create Table
t2	CREATE TABLE `t2` (
  `i` int(11) DEFAULT NULL
) /*!50100 TABLESPACE `ts1` */ ENGINE=InnoDB DEFAULT CHARSET=latin1
select * from t1;
i
1
2
3
select * from t2;
i
3
4
5
alter table t2 tablespace ts1;
show create table t2;
Table	Create Table
t2	CREATE TABLE `t2` (
  `i` int(11) DEFAULT NULL
) /*!50100 TABLESPACE `ts1` */ ENGINE=InnoDB DEFAULT CHARSET=latin1
#node-1
use test;
show create table t2;
Table	Create Table
t2	CREATE TABLE `t2` (
  `i` int(11) DEFAULT NULL
) /*!50100 TABLESPACE `ts1` */ ENGINE=InnoDB DEFAULT CHARSET=latin1
drop table t1;
drop table t2;
drop tablespace ts1;
#node-2
